{
  "model": "nomic-embed-text",
  "precision_at_k": {
    "1": 0.0,
    "3": 0.0,
    "5": 0.0,
    "10": 0.0
  },
  "recall_at_k": {
    "1": 0.0,
    "3": 0.0,
    "5": 0.0,
    "10": 0.0
  },
  "mrr": 0.0,
  "ndcg_at_k": {
    "1": 0.0,
    "3": 0.0,
    "5": 0.0,
    "10": 0.0
  },
  "latency_ms": [
    9.559392929077148,
    3.6890506744384766,
    0.0,
    0.0,
    0.5311965942382812,
    0.0,
    0.0,
    1.5647411346435547,
    0.0,
    0.5104541778564453,
    1.0268688201904297,
    0.5650520324707031,
    0.37789344787597656,
    0.0,
    0.0,
    0.0,
    7.695436477661133,
    0.6582736968994141,
    20.812511444091797,
    8.981704711914062,
    3.6492347717285156,
    22.16053009033203
  ],
  "by_category": {
    "join_analysis": {
      "count": 5,
      "precision_at_5": 0.0
    },
    "schema_lookup": {
      "count": 5,
      "precision_at_5": 0.0
    },
    "data_flow": {
      "count": 5,
      "precision_at_5": 0.0
    },
    "transformation_logic": {
      "count": 7,
      "precision_at_5": 0.0
    }
  },
  "by_difficulty": {},
  "avg_latency_ms": 3.7173791365189985
}